{
  "width": 1012,
  "height": 1331,
  "cx": [
    [ "Adresse", 259 ],
    [ "habite", 429 ],
    [ "possède", 555 ],
    [ "fidélité", 695 ],
    [ "Obtient", 833 ],
    [ "point", 949 ],
    [ "est livré", 259 ],
    [ "client", 429 ],
    [ "utilise", 555 ],
    [ "Carte_bancaire", 695 ],
    [ "Livraison", 259 ],
    [ "Passe", 429 ],
    [ "rib", 555 ],
    [ "Item", 85 ],
    [ "Envoie", 259 ],
    [ "Commande", 429 ],
    [ "Gère", 555 ],
    [ "Concierge", 695 ],
    [ "Payé-Par", 259 ],
    [ "Possède", 429 ],
    [ "Facture", 555 ],
    [ "Payment", 259 ],
    [ "suit", 429 ],
    [ "Moyen", 85 ],
    [ "Utilise", 259 ],
    [ "GrilleRègle", 429 ],
    [ "GrilleMembership", 695 ]
  ],
  "cy": [
    [ "Adresse", 85 ],
    [ "habite", 85 ],
    [ "possède", 85 ],
    [ "fidélité", 85 ],
    [ "Obtient", 85 ],
    [ "point", 85 ],
    [ "est livré", 220 ],
    [ "client", 220 ],
    [ "utilise", 220 ],
    [ "Carte_bancaire", 220 ],
    [ "Livraison", 364 ],
    [ "Passe", 364 ],
    [ "rib", 364 ],
    [ "Item", 533 ],
    [ "Envoie", 533 ],
    [ "Commande", 533 ],
    [ "Gère", 533 ],
    [ "Concierge", 533 ],
    [ "Payé-Par", 668 ],
    [ "Possède", 668 ],
    [ "Facture", 668 ],
    [ "Payment", 760 ],
    [ "suit", 760 ],
    [ "Moyen", 903 ],
    [ "Utilise", 903 ],
    [ "GrilleRègle", 903 ],
    [ "GrilleMembership", 1263 ]
  ],
  "shift": [
    [ "habite,client,0", 0 ],
    [ "habite,Adresse,0", 0 ],
    [ "possède,fidélité,0", 0 ],
    [ "possède,client,0", 0 ],
    [ "Obtient,fidélité,0", 0 ],
    [ "Obtient,point,0", 0 ],
    [ "est livré,Adresse,0", 0 ],
    [ "est livré,Livraison,0", 0 ],
    [ "utilise,client,0", 0 ],
    [ "utilise,rib,0", 0 ],
    [ "utilise,Carte_bancaire,0", 0 ],
    [ "Passe,client,0", 0 ],
    [ "Passe,Commande,0", 0 ],
    [ "Envoie,Commande,0", 0 ],
    [ "Envoie,Livraison,0", 0 ],
    [ "Envoie,Item,0", 0 ],
    [ "Gère,Concierge,0", 0 ],
    [ "Gère,Commande,0", 0 ],
    [ "Payé-Par,Payment,0", 0 ],
    [ "Payé-Par,Commande,0", 0 ],
    [ "Possède,Commande,0", 0 ],
    [ "Possède,Facture,0", 0 ],
    [ "suit,Payment,0", 0 ],
    [ "suit,GrilleRègle,0", 0 ],
    [ "Utilise,Payment,0", 0 ],
    [ "Utilise,Moyen,0", 0 ]
  ],
  "ratio": []
}